Acanthisitta_chloris
Acanthoscelides_obtectus
Accipiter_cooperii
Accipiter_gentilis
Accipiter_nisus
Accipitriformes
Acherontia_atropos
Acheta_assimilis
Acheta_domestica
Acridotheres_tristis
Acrocephalus_schoenobaenus
Actias_luna
Actitis_hypoleucos
Actitis_macularia
Adalia_bipunctata
Adelges_abietis
Adelges_piceae
Adelie
Adelie_penguin
Aedes_aegypti
Aedes_albopictus
Aegypiidae
Aegypius_monachus
African_gray
African_grey
Africanized_bee
Africanized_honey_bee
Afropavo_congensis
Agelaius_phoeniceus
Agriocharis_ocellata
Aix_galericulata
Aix_sponsa
Ajaia_ajaja
Alauda_arvensis
Alca_torda
Alcedo_atthis
Alectoris_graeca
Alectoris_ruffa
Alectura_lathami
Alsophila_pometaria
Amazon_ant
American_bittern
American_blight
American_cockroach
American_coot
American_copper
American_creeper
American_crow
American_eagle
American_egret
American_gallinule
American_kestrel
American_magpie
American_merganser
American_oriole
American_redstart
American_robin
American_water_ouzel
American_widgeon
American_woodcock
Anabrus_simplex
Anagasta_kuehniella
Anas_acuta
Anas_americana
Anas_clypeata
Anas_crecca
Anas_discors
Anas_penelope
Anas_platyrhynchos
Anas_querquedula
Anas_rubripes
Anasa_tristis
Andean_condor
Anhima_cornuta
Anhinga_anhinga
Anomala_orientalis
Anomalopteryx_oweni
Anoplophora_glabripennis
Anser_anser
Anser_cygnoides
Antheraea_mylitta
Antheraea_pernyi
Antheraea_polyphemus
Anthonomus_grandis
Anthrenus_scrophulariae
Anthus_pratensis
Antrozous_pallidus
Apatura_iris
Aphis_fabae
Aphis_pomi
Aphriza_virgata
Aphrophora_saratogensis
Apis_mellifera
Apis_mellifera_adansonii
Apis_mellifera_scutellata
Aptenodytes_forsteri
Aptenodytes_patagonica
Apus_apus
Aquila_chrysaetos
Aquila_rapax
Aramus_guarauna
Aramus_pictus
Archaeopteryx_lithographica
Archilochus_colubris
Ardea_herodius
Ardea_occidentalis
Arenaria-Melanocephala
Arenaria_interpres
Argyrotaenia_citrana
Arilus_cristatus
Arkansas_kingbird
Asian_black_grouse
Asian_longhorned_beetle
Asian_tiger_mosquito
Asiatic_beetle
Asiatic_cockroach
Asio_otus
Aspidiotus_perniciosus
Athene_noctua
Atlantic_puffin
Atticus_atlas
Audubon's_caracara
Audubon's_warbler
Audubon_warbler
Auriparus_flaviceps
Australian_cockroach
Australian_magpie
Australian_stilt
Australian_turtledove
Automeris_io
Aythya_affinis
Aythya_americana
Aythya_ferina
Aythya_marila
Aythya_valisineria
Balaeniceps_rex
Baltimore_bird
Baltimore_oriole
Barrow's_goldeneye
Bartramia_longicauda
Bartramian_sandpiper
Bemisia_tabaci
Bewick's_swan
Blackburn
Blackburnian_warbler
Blatta_orientalis
Blattella_germanica
Blissus_leucopterus
Bohemian_waxwing
Bombycilla_cedrorun
Bombycilla_garrulus
Bombyx_mori
Bonasa_umbellus
Botaurus_lentiginosus
Botaurus_stellaris
Branta_bernicla
Branta_canadensis
Branta_leucopsis
Brazilian_trumpeter
Bruchus_pisorum
Bubo_virginianus
Bubulcus_ibis
Bucephala_islandica
Bucephela_albeola
Bucephela_clangula
Bullock's_oriole
Burhinus_oedicnemus
Buteo_buteo
Buteo_jamaicensis
Buteo_lagopus
Buteo_lineatus
Cacatua_galerita
Cadra_cautella
Cadra_figulilella
Cairina_moschata
Calidris_Ferruginea
Calidris_canutus
Calidris_melanotos
California_condor
California_quail
Callimorpha_jacobeae
Calliphora_vicina
Calosoma_scrutator
Camberwell_beauty
Campephilus_principalis
Canachites_canadensis
Canada_goose
Canada_jay
Canadian_goose
Cape_May_warbler
Caprimulgus_carolinensis
Caprimulgus_europaeus
Caprimulgus_vociferus
Cardinalis_cardinalis
Carduelis_cannabina
Carduelis_carduelis
Carduelis_cucullata
Carduelis_flammea
Carduelis_hornemanni
Carduelis_spinus
Cariama_cristata
Carniolan_bee
Carolina_chickadee
Carolina_parakeet
Carolina_wren
Carpocapsa_pomonella
Carpodacus_mexicanus
Carpodacus_purpureus
Casmerodius_albus
Cassin's_kingbird
Catharacta_skua
Cathartes_aura
Catocala_nupta
Catoptrophorus_semipalmatus
Centrocercus_urophasianus
Centropus_phasianinus
Centropus_sinensis
Cephalopterus_ornatus
Cepphus_columba
Cepphus_grylle
Cerapteryx_graminis
Ceratitis_capitata
Certhia_americana
Certhia_familiaris
Ceryle_alcyon
Cetonia_aurata
Chamaea_fasciata
Charadrius_melodus
Charadrius_morinellus
Charadrius_vociferus
Chateura_pelagica
Chauna_torquata
Chen_caerulescens
Chinese_goose
Chlamydera_nuchalis
Chlorophoneus_nigrifrons
Chlorura_chlorura
Choeronycteris_mexicana
Choriotis_australis
Chrysolophus_pictus
Chunga_burmeisteri
Ciconia_ciconia
Ciconia_nigra
Cimex_lectularius
Cinclus_aquaticus
Cinclus_mexicanus
Circus_Aeruginosus
Circus_cyaneus
Circus_pygargus
Cistothorus_palustris
Cistothorus_platensis
Cladorhyncus_leucocephalum
Clangula_hyemalis
Clark's_nutcracker
Coccothraustes_coccothraustes
Coccus_hesperidum
Coccyzus_erythropthalmus
Cochlearius_cochlearius
Colaptes_auratus
Colaptes_caper_collaris
Colaptes_chrysoides
Colinus_virginianus
Collocalia_inexpectata
Colorado_beetle
Colorado_potato_beetle
Columba_fasciata
Columba_livia
Columba_palumbus
Comstock's_mealybug
Comstock_mealybug
Congo_peafowl
Contopus_sordidulus
Contopus_virens
Conuropsis_carolinensis
Cooper's_hawk
Coracias_garrulus
Coragyps_atratus
Cornish
Cornish_fowl
Corvus_brachyrhyncos
Corvus_corax
Corvus_frugilegus
Corvus_monedula
Corydalus_cornutus
Coturnix_communis
Coturnix_coturnix
Crex_crex
Crocethia_alba
Croton_bug
Cryptotermes_brevis
Ctenocephalides_canis
Ctenocephalides_felis
Cuculus_canorus
Culex_fatigans
Culex_pipiens
Culex_quinquefasciatus
Cursorius_cursor
Cyanocitta_cristata
Cygnus_atratus
Cygnus_buccinator
Cygnus_columbianus
Cygnus_columbianus_bewickii
Cygnus_columbianus_columbianus
Cygnus_cygnus
Cygnus_olor
Cynopterus_sphinx
Dacelo_gigas
Dactylopius_coccus
Danaus_plexippus
Delichon_urbica
Dendroctonus_rufipennis
Dendroica_auduboni
Dendroica_coronata
Dendroica_fusca
Dendroica_petechia
Dendroica_striate
Dendroica_tigrina
Dermatobia_hominis
Desmodus_rotundus
Dialeurodes_citri
Diapheromera_femorata
Dinornis_giganteus
Diomedea_exulans
Diomedea_nigripes
Diphylla_ecaudata
Dolichonyx_oryzivorus
Dominick
Dominique
Dorking
Dromaius_novaehollandiae
Drosophila_melanogaster
Dumetella_carolinensis
Dutch-elm_beetle
Eacles_imperialis
Echidnophaga_gallinacea
Ectopistes_migratorius
Egretta_albus
Egretta_caerulea
Egretta_garzetta
Egretta_thula
Egyptian_vulture
Elanoides_forficatus
Elanus_leucurus
Emberiza_aureola
Emberiza_citrinella
Emberiza_hortulana
Emberiza_schoeniclus
Emu_novaehollandiae
English_sparrow
Ephestia_elutella
Ephippiorhynchus_senegalensis
Epilachna_varivestis
Eptesicus_fuscus
Eptesicus_serotinus
Eriosoma_lanigerum
Erithacus_rubecola
Erithacus_svecicus
Erolia_alpina
Erolia_minutilla
Eskimo_curlew
Euderma_maculata
Eudromias_morinellus
Euopean_hoopoe
Euphagus_carilonus
Euproctis_chrysorrhoea
Euproctis_phaeorrhoea
Eurasian_kingfisher
Eurasian_woodcock
European_bittern
European_black_grouse
European_blackbird
European_brown_bat
European_corn_borer_moth
European_creeper
European_cuckoo
European_curlew
European_gallinule
European_goatsucker
European_house_cricket
European_magpie
European_nightjar
European_nuthatch
European_roller
European_sandpiper
European_sea_eagle
European_shrike
European_swift
European_water_ouzel
Falco_columbarius
Falco_peregrinus
Falco_rusticolus
Falco_sparverius
Falco_subbuteo
Falco_tinnunculus
Fenusa_pusilla
Florida_gallinule
Forficula_auricularia
Formica_fusca
Formica_rufa
Formica_sanguinea
Frankliniella_fusca
Fratercula_arctica
Fratercula_corniculata
Fringilla_coelebs
Fringilla_montifringilla
Fulica_americana
Fulica_atra
Fulmarus_glacialis
Gabriel
Galleria_mellonella
Gallinago_gallinago
Gallinago_gallinago_delicata
Gallinago_media
Gallinula_chloropus
Gallinula_chloropus_cachinnans
Gallus_gallus
Garullus_garullus
Gasterophilus_intestinalis
Gelechia_gossypiella
Geococcyx_californianus
Geothlypis_trichas
German_bee
German_cockroach
Gerris_lacustris
Glossopsitta_versicolor
Gracula_religiosa
Greek_partridge
Grus_americana
Gymnogyps_californianus
Gymnorhina_tibicen
Gypaetus_barbatus
Gyps_fulvus
Haematobia_irritans
Haliaeetus_leucocephalus
Haliaeetus_leucorhyphus
Haliaeetus_pelagicus
Haliatus_albicilla
Harpia_harpyja
Hawaiian_honeycreeper
Heliothis_zia
Hesperiphona_vespertina
Hessian_fly
Heteroscelus_incanus
Himantopus_himantopus
Himantopus_himantopus_leucocephalus
Himantopus_mexicanus
Himantopus_novae-zelandiae
Himantopus_stilt
Hippobosca_equina
Hippodamia_convergens
Hirundo_nigricans
Hirundo_pyrrhonota
Hirundo_rustica
Homona_coffearia
Hudsonian_godwit
Hungarian_partridge
Hyalophora_cecropia
Hydrobates_pelagicus
Hylocichla_fuscescens
Hylocichla_guttata
Hylocichla_mustelina
Hylophylax_naevioides
Hyphantria_cunea
Ibero-mesornis
Ibis_ibis
Icteria_virens
Icterus_galbula
Icterus_galbula_bullockii
Icterus_galbula_galbula
Icterus_spurius
Inachis_io
Indian_grackle
Iridoprocne_bicolor
Italian_bee
Ixobrychus_exilis
Jabiru_mycteria
Japanese_beetle
Java_finch
Java_sparrow
Jerusalem_cricket
Junco_hyemalis
June_beetle
June_bug
Kakatoe_galerita
Kakatoe_leadbeateri
Kamchatkan_sea_eagle
Lagopus_scoticus
Lanius_borealis
Lanius_excubitor
Lanius_lucovicianus
Lanius_ludovicianus_excubitorides
Lanius_ludovicianus_migrans
Larus_argentatus
Larus_canus
Larus_marinus
Larus_ridibundus
Lasiurus_borealis
Leipoa_ocellata
Lepisma_saccharina
Leptinotarsa_decemlineata
Leptoptilus_crumeniferus
Leptoptilus_dubius
Limenitis_archippus
Limenitis_arthemis
Limenitis_astyanax
Limenitis_camilla
Limnocryptes_minima
Limnodromus_griseus
Limnodromus_scolopaceus
Limosa_haemastica
Liposcelis_divinatorius
Lobipes_lobatus
Locusta_migratoria
Lofortyx_californicus
Lophodytes_cucullatus
Loxia_curvirostra
Loxostege_similalis
Lunda_cirrhata
Luscinia_luscinia
Luscinia_megarhynchos
Lycaena_hypophlaeas
Lygus_lineolaris
Lymantria_dispar
Lyrurus_mlokosiewiczi
Lyrurus_tetrix
Macrocephalon_maleo
Macrodactylus_subspinosus
Macronectes_giganteus
Macrotus_californicus
Magicicada_septendecim
Malacosoma_americana
Malacosoma_disstria
Manduca_quinquemaculata
Manduca_sexta
Mantis_religioso
Manx_shearwater
Maryland_yellowthroat
Mastotermes_darwiniensis
Mastotermes_electrodominicus
Mastotermes_electromexicus
May_beetle
May_bug
Mayetiola_destructor
Mediterranean_flour_moth
Mediterranean_fruit_fly
Megaderma_lyra
Melanerpes_erythrocephalus
Melanitta_nigra
Melanotis_caerulescens
Meleagris_gallopavo
Melolontha_melolontha
Melophagus_Ovinus
Melopsittacus_undulatus
Melospiza_georgiana
Melospiza_melodia
Menopon_gallinae
Menopon_palladum
Mergus_albellus
Mergus_merganser
Mergus_merganser_americanus
Mergus_serrator
Mexican_bean_beetle
Mexican_freetail_bat
Michael
Milvus_migrans
Mimus_polyglotktos
Monomorium_minimum
Monomorium_pharaonis
Montagu's_harrier
Mother_Carey's_chicken
Mother_Carey's_hen
Musca_domestica
Muscicapa_grisola
Muscicapa_striata
Muscivora-forficata
Mutillidae
Mycteria_americana
Myotis_leucifugus
Myotis_velifer
Neophron_percnopterus
Nestor_notabilis
New_World_blackbird
New_World_chat
New_World_flycatcher
New_World_goldfinch
New_World_jay
New_World_oriole
New_World_sparrow
New_World_vulture
New_World_warbler
New_Zealand_wren
Nomia_melanderi
Notonecta_undulata
Notornis_mantelli
Nucifraga_caryocatactes
Nucifraga_columbiana
Numenius_arquata
Numenius_borealis
Numida_meleagris
Nyctanassa_violacea
Nycticorax_nycticorax
Nymphalis_antiopa
Nymphicus_hollandicus
Oceanites_oceanicus
Oecanthus_fultoni
Oestrus_ovis
Old_World_chat
Old_World_coot
Old_World_flycatcher
Old_World_jay
Old_World_oriole
Old_World_quail
Old_World_robin
Old_World_scops_owl
Old_World_vulture
Old_World_warbler
Old_world_white_pelican
Opisthocomus_hoazin
Oreortyx_picta_palmeri
Oriental_beetle
Oriental_scops_owl
Oriolus_oriolus
Orpington
Orthotomus_sutorius
Ortilis_vetula_macalli
Otis_tarda
Otus_asio
Otus_scops
Otus_sunia
Oxyura_jamaicensis
Padda_oryzivora
Pagophila_eburnea
Paleacrita_vernata
Pandion_haliaetus
Parula_americana
Parus_atricapillus
Parus_bicolor
Parus_caeruleus
Parus_carolinensis
Passer_domesticus
Passer_montanus
Passerina_cyanea
Pastor_roseus
Pastor_sturnus
Pavo_cristatus
Pavo_muticus
Pediculus_capitis
Pediculus_corporis
Pediculus_humanus
Pedioecetes_phasianellus
Pedionomus_torquatus
Pelecanus_erythrorhynchos
Pelecanus_onocrotalus
Perdix_perdix
Periplaneta_americana
Periplaneta_australasiae
Perisoreus_canadensis
Perisoreus_canadensis_capitalis
Pernis_apivorus
Pezophaps_solitaria
Phalacrocorax_carbo
Phalaenoptilus_nuttallii
Phalaropus_fulicarius
Pharaoh's_chicken
Pharomacrus_mocino
Phasianus_colchicus
Philaenus_spumarius
Philohela_minor
Philomachus_pugnax
Phlebotomus_papatasii
Phthirius_pubis
Phthorimaea_operculella
Phylloscopus_sibilatrix
Phyllostomus_hastatus
Phylloxera_vitifoleae
Pica_pica
Pica_pica_hudsonia
Picus_viridis
Pieris_brassicae
Pieris_protodice
Pieris_rapae
Pineus_pinifoliae
Pinguinus_impennis
Pinicola_enucleator
Pipilo_erythrophthalmus
Pipistrellus_pipistrellus
Pipistrellus_subflavus
Piranga_flava_hepatica
Piranga_ludoviciana
Piranga_olivacea
Piranga_rubra
Planococcus_citri
Platalea_leucorodia
Plautus_alle
Plecotus_townsendi
Plectophera
Plectrophenax_nivalis
Ploceus_philippinus
Pluvianus_aegyptius
Plymouth_Rock
Podiceps_cristatus
Podiceps_grisegena
Podiceps_nigricollis
Podiceps_ruficollis
Podilymbus_podiceps
Poecilocapsus_lineatus
Poephila_castanotis
Polistes_annularis
Polyborus_cheriway_audubonii
Polyborus_plancus
Polyergus_rufescens
Polygonia_comma
Polynesian_tattler
Pooecetes_gramineus
Popillia_japonica
Porphyrio_porphyrio
Porphyrula_martinica
Porzana_porzana
Procellaria_aequinoctialis
Prociphilus_tessellatus
Progne_subis
Prunella_modularis
Pseudaletia_unipuncta
Pseudococcus_comstocki
Pseudococcus_fragilis
Psittacula_krameri
Psittacus_erithacus
Psophia_crepitans
Pterocles_alchata
Pterocles_indicus
Pterocnemia_pennata
Pteropus_capestratus
Pteropus_hypomelanus
Ptilonorhynchus_violaceus
Ptloris_paradisea
Puffinus_puffinus
Pulex_irritans
Pygoscelis_adeliae
Pyrausta_nubilalis
Pyrocephalus_rubinus_mexicanus
Pyrophorus_noctiluca
Pyrrhula_pyrrhula
Pyrrhuloxia_sinuata
Quiscalus_quiscula
Raphael
Raphus_cucullatus
Regulus_calendula
Regulus_regulus
Regulus_satrata
Reticulitermes_flanipes
Reticulitermes_lucifugus
Rhagoletis_pomonella
Rhea_americana
Rhinonicteris_aurantius
Rhode_Island_red
Richmondena_Cardinalis
Riparia_riparia
Rock_Cornish
Rocky_Mountain_jay
Rodolia_cardinalis
Rupicola_peruviana
Rupicola_rupicola
SPipistrellus_hesperus
Sagittarius_serpentarius
Salpinctes_obsoletus
Samia_cynthia
Samia_walkeri
San_Jose_scale
Saratoga_spittlebug
Sarcophaga_carnaria
Sarcorhamphus_papa
Saturnia_pavonia
Saxicola_rubetra
Saxicola_torquata
Sayornis_phoebe
Scarabaeus_sacer
Sceloglaux_albifacies
Scolopax_rusticola
Scolytus_multistriatus
Seiurus_aurocapillus
Serinus_canaria
Setophaga_ruticilla
Sialis_lutaria
Silvia_atricapilla
Sinornis
Sitophylus_oryzae
Sitotroga_cerealella
Sitta_canadensis
Sitta_carolinensis
Sitta_europaea
Spanish_fly
Sphecius_speciosis
Spheniscus_demersus
Sphyrapicus_varius
Sphyrapicus_varius_ruber
Spinus_pinus
Spinus_tristis
Spizella_arborea
Spizella_passerina
Spizella_pusilla
Spodoptera_exigua
Spodoptera_frugiperda
Steatornis_caripensis
Steganopus_tricolor
Stellar's_sea_eagle
Stenopelmatus_fuscus
Stercorarius_parasiticus
Sterna_hirundo
Stictopelia_cuneata
Streptopelia_risoria
Streptopelia_turtur
Strix_aluco
Strix_nebulosa
Strix_occidentalis
Strix_varia
Struthio_camelus
Strymon_melinus
Sturnella_magna
Sturnella_neglecta
Sturnus_vulgaris
Sula_bassana
Surnia_ulula
Sylvia_communis
Sylvia_curruca
Syrrhaptes_paradoxus
Tadarida_brasiliensis
Tadirida_femorosacca
Tetrao_urogallus
Texas_chachalaca
Thermobia_domestica
Threskiornis_aethiopica
Thrips_tobaci
Thryothorus_ludovicianus
Tichodroma_muriaria
Tinea_pellionella
Tineola_bisselliella
Toxostoma_rufums
Trialeurodes_vaporariorum
Trichoglossus_moluccanus
Trichophaga_tapetzella
Tringa_flavipes
Tringa_melanoleuca
Tringa_nebularia
Tringa_totanus
Trogium_pulsatorium
Troglodytes_aedon
Troglodytes_troglodytes
Tunga_penetrans
Turdus_greyi
Turdus_iliacus
Turdus_merula
Turdus_migratorius
Turdus_philomelos
Turdus_pilaris
Turdus_torquatus
Turdus_viscivorus
Turnix_sylvatica
Tympanuchus_cupido
Tympanuchus_cupido_cupido
Tympanuchus_pallidicinctus
Tyrannus_domenicensis_domenicensis
Tyrannus_tyrannus
Tyrannus_vociferans
Tyto_alba
Upupa_epops
Uria_aalge
Uria_lomvia
Vanessa_atalanta
Vanessa_virginiensis
Vespa_crabro
Vespertilio_murinus
Vespula_maculata
Vespula_maculifrons
Vespula_vulgaris
Vireo_olivaceous
Vireo_solitarius
Vireo_solitarius_solitarius
Vultur_gryphus
Wilson's_blackcap
Wilson's_phalarope
Wilson's_snipe
Wilson's_thrush
Wilson's_warbler
Wilsonia_pusilla
Xenicus_gilviventris
Xenorhyncus_asiaticus
Xestobium_rufovillosum
Zenaidura_macroura
Zonotrichia_albicollis
Zonotrichia_leucophrys
accentor
acridid
adelgid
adjutant
adjutant_bird
adjutant_stork
admiral
aepyornis
aeroplane
afropavo
airbus
airliner
airplane
albatross
alder_fly
alderfly
alkali_bee
almond_moth
amadavat
amazon
amphibian
amphibious_aircraft
andrena
andrenid
angel
anglewing
angoumois_grain_moth
angoumois_moth
anhinga
ani
anomalopteryx
anopheline
anseriform_bird
ant
ant_bird
ant_cow
ant_lion
ant_shrike
ant_thrush
antbird
antler_moth
antlion
antlion_fly
aphid
apodiform_bird
apple_aphid
apple_maggot
apteryx
aquatic_bird
archaeopteryx
archaeornis
archangel
archeopteryx
arctic_skua
arctiid
arctiid_moth
argus
argus_pheasant
armored_scale
army_ant
armyworm
assassin_bug
atlas_moth
attack_aircraft
auk
auklet
avadavat
avocet
babbler
backswimmer
bald-faced_hornet
bald_eagle
baldpate
balsam_woolly_aphid
banana_quit
band-tail_pigeon
band-tailed_pigeon
banded_purple
banded_stilt
bandtail
bank_martin
bank_swallow
bantam
barbet
bark-louse
bark_beetle
bark_louse
barn_owl
barn_swallow
barnacle
barnacle_goose
barred_owl
bat
baya
bean_aphid
bean_beetle
bean_weevil
bearded_vulture
bed_bug
bedbug
bee
bee_beetle
bee_eater
bee_fly
bee_killer
bee_moth
beetle
bell_magpie
bellbird
belted_kingfisher
biddy
big-eared_bat
big_bedbug
big_brown_bat
biplane
birch_leaf_miner
bird
bird_louse
bird_of_Jove
bird_of_Juno
bird_of_Minerva
bird_of_night
bird_of_paradise
bird_of_passage
bird_of_prey
biting_louse
biting_midge
bittern
black-backed_gull
black-billed_cuckoo
black-capped_chickadee
black-crowned_night_heron
black-footed_albatross
black-fronted_bush_shrike
black-necked_grebe
black-necked_stilt
black-necked_stork
black-winged_stilt
black_bee
black_carpet_beetle
black_cock
black_duck
black_fly
black_grouse
black_guillemot
black_kite
black_stork
black_swan
black_turnstone
black_vulture
black_weevil
blackbeetle
blackbird
blackcap
blackcock
blackfly
blackpoll
blister_beetle
blow_fly
blowfly
blue
blue-headed_vireo
blue-winged_teal
blue_darter
blue_goose
blue_jay
blue_mockingbird
blue_peafowl
blue_tit
bluebill
bluebird
bluebottle
bluethroat
bluewing
boat-billed_heron
boat_bug
boatbill
boatswain_bird
bobolink
bobwhite
bobwhite_quail
body_louse
boll_weevil
bombardier_beetle
bomber
bombycid
bombycid_moth
bonxie
booby
book_louse
booklouse
botfly
bowerbird
brambling
brant
brant_goose
brent
brent_goose
bristletail
broadbill
brood_hen
broody
broody_hen
brown-tail_moth
brown_bat
brown_creeper
brown_lacewing
brown_soft_scale
brown_thrasher
brown_thrush
browntail
brush-footed_butterfly
brush_turkey
budgereegah
budgerigar
budgerygah
budgie
buffalo_carpet_beetle
buffalo_gnat
bufflehead
bug
bulbul
bullbat
bulldog_ant
bullfinch
bumblebee
bunting
bush_shrike
bush_tit
bushtit
bustard
bustard_quail
butcherbird
buteonine
butterball
butterfly
button-quail
button_quail
buzzard
cabbage_butterfly
cacao_moth
cacique
cackler
cactus_wren
caddice-fly
caddice_fly
caddis-fly
caddis_fly
calosoma
camp_robber
canary
canary_bird
canvasback
canvasback_duck
capercaillie
capercailzie
capon
caprimulgid
caprimulgiform_bird
capsid
carabid_beetle
caracara
carancha
cardinal
cardinal_grosbeak
carinate
carinate_bird
carnivorous_bat
carpenter_ant
carpenter_bee
carpet_beetle
carpet_bug
carpet_moth
carrier_pigeon
carrion_crow
casemaking_clothes_moth
cassowary
cat_flea
catbird
cathartid
cattle_egret
cave_bat
cave_myotis
cazique
cecropia
cecropia_moth
cedar_waxwing
cedarbird
chachalaca
chaffinch
chaja
chalcid
chalcid_fly
chalcid_wasp
chalcidfly
chalcis_fly
chaparral_cock
chat
chatterer
cheewink
cherub
chewink
chick
chickadee
chicken
chicken_hawk
chicken_louse
chigger
chigoe
chigoe_flea
chimney_swallow
chimney_swift
chinch
chinch_bug
chipping_sparrow
chiropteran
chough
chrysalis
chrysomelid
chrysopid
chuck-will's-widow
chunga
cicada
cicada_killer
cicala
cinnabar
cinnabar_moth
citrophilous_mealybug
citrophilus_mealybug
citrus_mealybug
citrus_whitefly
clay-colored_robin
cleg
clegg
clerid
clerid_beetle
click_beetle
cliff_swallow
clothes_moth
coastal_diving_bird
cob
coccid_insect
cochin
cochin_china
cochineal
cochineal_insect
cock
cock_of_the_rock
cockateel
cockatiel
cockatoo
cockatoo_parrot
cockchafer
cockerel
cockroach
codlin_moth
codling_moth
collembolan
columbiform_bird
comma
comma_butterfly
common_European_earwig
common_European_jay
common_booklouse
common_brant_goose
common_canary
common_louse
common_mosquito
common_murre
common_nutcracker
common_pond-skater
common_scoter
common_spoonbill
common_starling
common_wasp
common_yellowthroat
condor
cone-nosed_bug
conenose
conenose_bug
coot
cootie
copper
coraciiform_bird
coreid
coreid_bug
cormorant
corn_borer
corn_borer_moth
corncrake
corvine_bird
coscoroba
cotinga
cotton_stainer
cotton_strain
coucal
courlan
courser
cowbird
crab
crab_louse
crake
crane
crane_fly
cream-colored_courser
creeper
crested_cariama
crested_myna
crested_penguin
crested_screamer
crested_swift
cricket
crocodile_bird
crossbill
crotonbug
crow
crow_blackbird
crow_pheasant
cuckoo
cuckoo-bumblebee
cuculiform_bird
curassow
curlew
curlew_sandpiper
currawong
cushat
cygnet
cynipid_gall_wasp
cynipid_wasp
cynthia_moth
dabbler
dabbling_duck
dabchick
daddy_longlegs
damselfly
danaid
danaid_butterfly
dark-eyed_junco
darkling_beetle
darkling_groung_beetle
darning_needle
darter
daw
dayfly
death's-head_moth
deathwatch
deathwatch_beetle
defoliator
delta_wing
devil's_darning_needle
diapheromera
dickey-bird
dickeybird
dicky-bird
dickybird
dictyopterous_insect
digger_wasp
dipper
dipteran
dipteron
dipterous_insect
dive_bomber
diver
divine_messenger
diving_duck
diving_petrel
dobson
dobson_fly
dobsonfly
dodo
dog-day_cicada
dog_flea
domestic_fowl
domestic_pigeon
domestic_silkworm_moth
domesticated_silkworm_moth
dorbeetle
dotrel
dotterel
double-prop
double-propeller_plane
dove
dovekie
dowitcher
downy_woodpecker
dragonfly
drake
driver_ant
drone
drosophila
dry-wood_termite
duck
duckling
dung_beetle
dunlin
dunnock
eagle
eaglet
eared_grebe
earwig
eastern_kingbird
eastern_meadowlark
eastern_pipistrel
eggar
egger
egret
eider
eider_duck
elater
elaterid
elaterid_beetle
elephant_bird
emmet
emperor
emperor_butterfly
emperor_moth
emperor_penguin
emu
ephemeral
ephemerid
ephemeron
ephemeropteran
ern
erne
eudaemon
eudemon
evening_grosbeak
eyas
fairy_bluebird
fairy_swallow
falcon
falcon-gentil
falcon-gentle
false_vampire
false_vampire_bat
family_Aegypiidae
family_Mutillidae
fan-jet
fanjet
field_cricket
field_sparrow
fieldfare
fig-bird
fig_moth
figeater
fighter
fighter_aircraft
fighting_cock
finch
fire_ant
fire_beetle
firebird
firebrat
firebug
firefly
fish-fly
fish_duck
fish_eagle
fish_fly
fish_hawk
fishing_eagle
flamingo
flea
flea_beetle
flesh_fly
flicker
flightless_bird
flinthead
floatplane
flour_beetle
flour_weevil
fly
flycatcher
flycatching_warbler
flying_bird
flying_boat
flying_fox
four-footed_butterfly
four-lined_leaf_bug
four-lined_plant_bug
fowl
free-tailed_bat
freetail
freetailed_bat
frigate_bird
fritillary
froghopper
frogmouth
frosted_bat
fruit_bat
fruit_fly
fulmar
fulmar_petrel
fungus_gnat
gadfly
gall_gnat
gall_midge
gall_wasp
gallfly
gallina
gallinacean
gallinaceous_bird
gallinule
game_bird
game_fowl
gamecock
gander
gannet
garganey
gaviiform_seabird
gelechiid
gelechiid_moth
genius_loci
geometrid
geometrid_moth
gerfalcon
giant_cockroach
giant_fulmar
giant_hornet
giant_moa
giant_petrel
giant_silkworm_moth
giant_water_bug
gilded_flicker
gipsy_moth
glareole
glossina
glowworm
gnat
gnatcatcher
goatsucker
gobbler
godwit
gold-crowned_kinglet
gold-tail_moth
goldcrest
golden-crested_kinglet
golden-eyed_fly
golden_eagle
golden_oriole
golden_pheasant
golden_plover
golden_warbler
goldeneye
goldfinch
good_spirit
gooney
gooney_bird
goonie
goony
goosander
goose
goshawk
gosling
gracilariid
gracilariid_moth
grackle
grain_moth
grape_louse
grape_phylloxera
grass_finch
grass_parakeet
grassfinch
grasshopper
gray_catbird
gray_hen
gray_jay
gray_kingbird
gray_partridge
gray_sea_eagle
grayback
grayhen
graylag
graylag_goose
great_auk
great_black-backed_gull
great_blue_heron
great_bowerbird
great_bustard
great_crested_grebe
great_gray_owl
great_grey_owl
great_horned_owl
great_skua
great_snipe
great_white_heron
greater_prairie_chicken
greater_scaup
greater_whitethroat
greater_yellowlegs
grebe
green-tailed_towhee
green-winged_teal
green_June_beetle
green_apple_aphid
green_lacewing
green_peach_aphid
green_peafowl
green_plover
green_woodpecker
greenbottle
greenbottle_fly
greenfly
greenhouse_whitefly
greenshank
greenwing
grey_catbird
grey_hen
grey_jay
grey_kingbird
grey_partridge
grey_sea_eagle
greyback
greyhen
greylag
greylag_goose
griffon
griffon_vulture
grosbeak
grossbeak
ground_beetle
ground_roller
grouse
guacharo
guan
guano_bat
guardian_angel
guardian_spirit
guillemot
guinea
guinea_fowl
guinea_hen
gull
gypsy_moth
gyrfalcon
hairstreak
hairstreak_butterfly
hairy-legged_vampire_bat
half_snipe
hangar_queen
hangbird
hanging_fly
harpy
harpy_bat
harpy_eagle
harrier
harrier_eagle
harvest_fly
hawfinch
hawk
hawk_moth
hawk_owl
hawkmoth
head_louse
heath_hen
heathfowl
hedge_sparrow
heliothis_moth
hemerobiid
hemerobiid_fly
hemipode
hemipteran
hemipteron
hemipterous_insect
hen
hen_harrier
hen_hawk
hepatic_tanager
hermit_thrush
heron
herring_gull
heteropterous_insect
hill_myna
hippoboscid
hoactzin
hoatzin
hobby
hognose_bat
holometabola
homer
homing_pigeon
homopteran
homopterous_insect
honey_buzzard
honey_eater
honey_guide
honeybee
honeycreeper
honeysucker
honker
hooded_merganser
hooded_sheldrake
hoopoe
hoopoo
hoot_owl
hooter
hopper
horn_fly
hornbill
horned_owl
horned_puffin
horned_screamer
hornet
horse_botfly
horse_fly
horse_of_the_wood
horse_tick
horsefly
horseshoe_bat
house_finch
house_fly
house_martin
house_sparrow
house_wren
housefly
human_botfly
humblebee
hummingbird
hummingbird_moth
hydroplane
hymenopter
hymenopteran
hymenopteron
hymenopterous_insect
ibis
ichneumon_fly
imago
imperial_moth
indigo_bird
indigo_bunting
indigo_finch
insect
interceptor
io_moth
ivory-billed_woodpecker
ivory_gull
ivorybill
jabiru
jacamar
jackass_bat
jackass_penguin
jackdaw
jacksnipe
jaeger
jassid
jay
jaybird
jenny_wren
jet
jet-propelled_plane
jet_plane
jetliner
jumbo_jet
jumbojet
jumping_bristletail
jumping_plant_louse
junco
jungle_cock
jungle_fowl
jungle_hen
kaki
kamikaze
katydid
kea
kestrel
kildeer
killdeer
killdeer_plover
killer_bee
king_penguin
king_vulture
kingbird
kingfisher
kinglet
kissing_bug
kite
kittiwake
kiwi
knot
kookaburra
lace_bug
lacewing
lacewing_fly
lady_beetle
ladybeetle
ladybird
ladybird_beetle
ladybug
lake_duck
lamellicorn_beetle
lammergeier
lammergeyer
land_rail
lantern-fly
lantern_fly
lappet
lappet_moth
lapwing
large_white
larid
lark
lasiocampid
lasiocampid_moth
laughing_gull
laughing_jackass
laughing_owl
layer
leaf-cutter
leaf-cutter_bee
leaf-cutting_bee
leaf-foot_bug
leaf-footed_bug
leaf-miner
leaf-nosed_bat
leaf-roller
leaf_beetle
leaf_bug
leaf_insect
leaf_miner
leaf_roller
leafhopper
leafnose_bat
least_bittern
least_sandpiper
legionary_ant
leipoa
lepidopteran
lepidopteron
lepidopterous_insect
lesser_prairie_chicken
lesser_scaup
lesser_scaup_duck
lesser_whitethroat
lesser_yellowlegs
lightning_bug
limicoline_bird
limpkin
linnet
lintwhite
little_auk
little_black_ant
little_blue_heron
little_brown_bat
little_brown_myotis
little_egret
little_grebe
little_owl
locust
loggerhead_shrike
long-billed_marsh_wren
long-eared_bat
long-eared_owl
long-horned_beetle
long-horned_grasshopper
long-legs
longicorn
longicorn_beetle
longlegs
loon
lorikeet
lory
louse
louse_fly
lovebird
lowan
luna_moth
lycaenid
lycaenid_butterfly
lygaeid
lygaeid_bug
lygus_bug
lymantriid
lyrebird
macaw
machilid
macrotus
magpie
malaria_mosquito
malarial_mosquito
maleo
mallard
mallee_fowl
mallee_hen
mamo
man-of-war_bird
manakin
mandarin_duck
mantid
mantis
mantispid
maori_hen
marabou
marabou_stork
marabout
marsh_harrier
marsh_hawk
marsh_hen
marsh_wren
martin
mason_bee
mason_wasp
mastiff_bat
mavis
mayfly
meadow_pipit
meadow_spittlebug
meadowlark
mealy_bug
mealybug
mecopteran
medfly
megabat
megapode
meloid
melolonthid_beetle
merganser
merl
merle
merlin
metabola
mew
mew_gull
microbat
midge
migrant_shrike
migratory_grasshopper
migratory_locust
migratory_quail
milkweed_butterfly
miller
mina
minah
mining_bee
mirid
mirid_bug
missel_thrush
mistle_thrush
mistletoe_thrush
moa
mocker
mocking_thrush
mockingbird
mole_cricket
mollymawk
momot
monal
monarch
monarch_butterfly
monaul
monoplane
moor-bird
moorbird
moorcock
moorfowl
moorgame
moorhen
mormon_cricket
mosquito
mosquito_hawk
moth
moth_miller
mother_hen
motmot
mound-bird
mound_bird
mound_builder
mountain_partridge
mountain_quail
mourning_cloak
mourning_cloak_butterfly
mourning_dove
mouse-eared_bat
mud_dauber
mud_hen
multiengine_airplane
multiengine_plane
murre
muscovy_duck
musk_duck
mute_swan
myna
myna_bird
mynah
mynah_bird
myrtle_bird
myrtle_warbler
nandu
narrow-body
narrow-body_aircraft
narrowbody_aircraft
nester
neuropteran
neuropteron
neuropterous_insect
night_bird
night_heron
night_raven
nighthawk
nightingale
nightjar
no-see-um
noctuid
noctuid_moth
nonpasserine_bird
northern_bobwhite
northern_harrier
northern_oriole
northern_parula
northern_phalarope
northern_shrike
northern_storm_petrel
notornis
nutcracker
nuthatch
nymphalid
nymphalid_butterfly
oak_blight
oceanic_bird
ocellated_turkey
odonate
oil_beetle
oilbird
old_squaw
oldwife
onion_louse
onion_thrips
openbill
orange_bat
orange_horseshoe_bat
orange_tortrix
orchard_oriole
order_Accipitriformes
oriental_cockroach
oriental_roach
oriole
orthopteran
orthopteron
orthopterous_insect
ortolan
ortolan_bunting
ortygan
oscine
oscine_bird
osprey
ostrich
ousel
ouzel
ovenbird
owl
owlet
owlet_moth
oyster_catcher
oystercatcher
painted_beauty
painted_sandgrouse
pale_chrysanthemum_aphid
pallas's_sandgrouse
pallid_bat
paper_wasp
parakeet
paraquet
parasitic_jaeger
paroquet
parrakeet
parroket
parroquet
parrot
partridge
parula_warbler
passenger_pigeon
passeriform_bird
passerine
pea-chick
pea_weevil
peachick
peacock
peacock_butterfly
peafowl
peahen
pecker
peckerwood
pectoral_sandpiper
peewee
peewit
pelagic_bird
pelecaniform_seabird
pelican
pen
penguin
peregrine
peregrine_falcon
periodical_cicada
pernyi_moth
petchary
petrel
pewee
pewit
pewit_gull
phalarope
pharaoh's_ant
pharaoh_ant
phasianid
phasmid
phasmid_insect
pheasant
pheasant_coucal
pheasant_cuckoo
phoebe
phoebe_bird
piciform_bird
piculet
pied-billed_grebe
pierid
pierid_butterfly
pigeon
pigeon_guillemot
pigeon_hawk
pin-tailed_duck
pin-tailed_grouse
pin-tailed_sandgrouse
pine_finch
pine_grosbeak
pine_leaf_aphid
pine_sawyer
pine_siskin
pine_spittlebug
pink_cockatoo
pintail
piping_crow
piping_crow-shrike
piping_guan
piping_plover
pipistrel
pipistrelle
pipit
pismire
pitta
plain_turkey
plain_wanderer
plane
plant_bug
plant_hopper
plant_louse
planthopper
plecopteran
plover
pochard
pocketed_bat
pocketed_freetail_bat
podicipitiform_seabird
poinsettia_strain
policeman_bird
poll
poll_parrot
pollinator
polyphemus_moth
pomace_fly
pond-skater
pontoon_plane
poorwill
popinjay
potato_beetle
potato_bug
potato_moth
potato_tuber_moth
potter_bee
potter_wasp
poultry
pouter
pouter_pigeon
powder-post_termite
prairie_chicken
prairie_fowl
prairie_grouse
pratincole
praying_mantid
praying_mantis
procellariiform_seabird
propeller_plane
propjet
protoavis
proturan
psocid
psocopterous_insect
psychodid
psylla
psyllid
ptarmigan
pubic_louse
puffbird
puffin
pullet
punkey
punkie
punky
pupa
purple_emperor
purple_finch
purple_gallinule
purple_grackle
purple_martin
pyralid
pyralid_moth
pyrrhuloxia
quack-quack
quail
queen
queen_bee
quetzal
quetzal_bird
rail
railroad_worm
rainbow_lorikeet
raisin_moth
raptor
raptorial_bird
ratite
ratite_bird
raven
razor-billed_auk
razorbill
reconnaissance_plane
red-backed_sandpiper
red-breasted_merganser
red-breasted_nuthatch
red-breasted_sapsucker
red-breasted_snipe
red-eyed_vireo
red-legged_partridge
red-necked_grebe
red-shafted_flicker
red-shouldered_hawk
red-spotted_purple
red-tailed_hawk
red-winged_blackbird
red_admiral
red_bat
red_grouse
red_jungle_fowl
red_phalarope
red_siskin
red_underwing
redbird
redbreast
redhead
redheaded_woodpecker
redpoll
redshank
redstart
redtail
reduviid
redwing
reed_bunting
reedbird
reeve
resplendent_quetzel
resplendent_trogon
rhea
rhinoceros_beetle
rice_weevil
ricebird
riflebird
rifleman_bird
ring-necked_parakeet
ring-necked_pheasant
ring_blackbird
ring_ouzel
ring_thrush
ringdove
ringlet
ringlet_butterfly
ringtail
roach
roadrunner
robber_fly
robin
robin_redbreast
rock_dove
rock_hopper
rock_partridge
rock_pigeon
rock_wren
roller
rook
rooster
rose-colored_pastor
rose-colored_starling
rose_beetle
rose_bug
rose_chafer
roseate_spoonbill
rough-legged_hawk
roughleg
rove_beetle
ruby-crowned_kinglet
ruby-crowned_wren
ruddy_duck
ruddy_turnstone
ruff
ruffed_grouse
rusty_blackbird
rusty_grackle
sacred_ibis
saddlebill
sage_grouse
sage_hen
sand_cricket
sand_fly
sand_grouse
sand_martin
sanderling
sandfly
sandgrouse
sandpiper
sanguinary_ant
sapsucker
satin_bird
satin_bowerbird
saturniid
saturniid_moth
sawbill
sawfly
sawyer
sawyer_beetle
scale_insect
scarab
scarabaean
scarabaeid
scarabaeid_beetle
scarabaeus
scarlet_tanager
scaup
scaup_duck
sciara
sciarid
scissortail
scissortailed_flycatcher
scooter
scops_owl
scorpion_fly
scoter
screamer
screech_owl
scrub-bird
scrub_bird
scrub_fowl
scrubbird
sea_bird
sea_duck
sea_eagle
sea_gull
sea_mew
sea_swallow
seabird
seafowl
seagull
seaplane
searcher
searcher_beetle
secretary_bird
sedge_bird
sedge_warbler
sedge_wren
seed_beetle
seed_weevil
seraph
seriema
serin
serotine
setting_hen
seventeen-year_locust
sewing_needle
shadfly
shaft_louse
sharp-tailed_grouse
shearwater
sheep-tick
sheep_botfly
sheep_gadfly
sheep_ked
sheep_tick
sheldrake
shelduck
shell_parakeet
shoebill
shoebird
shore_bird
shorebird
short-billed_marsh_wren
short-horned_grasshopper
short-toed_eagle
shoveler
shoveller
shrike
silkworm_moth
silverfish
silverspot
single-propeller_plane
single_prop
siskin
sitter
skeeter_hawk
ski-plane
skimmer
skipjack
skua
skylark
slate-colored_junco
slave-maker
slave-making_ant
slave_ant
small_white
smew
snake_doctor
snake_feeder
snakebird
snakefly
snapping_beetle
snipe
snout_beetle
snow_bunting
snow_goose
snowbird
snowflake
snowy_egret
snowy_heron
snowy_tree_cricket
social_insect
soft_scale
solan
solan_goose
solant_goose
soldier
solitaire
solitary_vireo
song_sparrow
song_thrush
songbird
songster
southern_cabbage_butterfly
sparrow
sparrow_hawk
spearnose_bat
sphecoid
sphecoid_wasp
sphenisciform_seabird
sphingid
sphinx_moth
spittle_insect
spittlebug
splitworm
spongefly
spongillafly
spoonbill
spotted_antbird
spotted_bat
spotted_crake
spotted_flycatcher
spotted_owl
spotted_sandpiper
sprig_tail
sprigtail
spring_chicken
springtail
spruce_bark_beetle
spruce_gall_aphid
spruce_grouse
squab
squash_bug
stag_beetle
stake_driver
starling
stealth_bomber
stealth_fighter
stick_insect
sticktight
sticktight_flea
stilt
stilt_plover
stiltbird
stink_fly
stinkbird
stint
stone_curlew
stone_fly
stonechat
stonefly
stork
storm_petrel
stormy_petrel
striped_button_quail
sucking_louse
sulfur_butterfly
sulphur-crested_cockatoo
sulphur_butterfly
summer_duck
summer_redbird
summer_tanager
superbug
surfbird
swallow
swallow-tailed_hawk
swallow-tailed_kite
swallow_shrike
swamp_sparrow
swamphen
swan
sweet-potato_whitefly
swift
swiftlet
tachina_fly
tailorbird
takahe
tanager
tanker_plane
tapestry_moth
tarnished_plant_bug
tattler
tawny_eagle
tawny_owl
tea_tortrix
teal
telsontail
tenebrionid
tent-caterpillar_moth
tercel
tercelet
termite
tern
tettigoniid
thick-billed_murre
thick-knee
thickhead
thornbill
thrasher
thrip
thripid
thrips
throstle
thrush
thrush_nightingale
thysanopter
thysanopteron
thysanopterous_insect
thysanuran_insect
thysanuron
tichodrome
tiercel
tiger_beetle
tiger_moth
tinamou
tineid
tineid_moth
tineoid
tineoid_moth
tit
titlark
titmouse
tobacco_moth
tobacco_thrips
tody
tom
tom_turkey
tomtit
tortoiseshell
tortoiseshell_butterfly
tortricid
tortricid_moth
tortrix
toucan
toucanet
touraco
towhee
tragopan
tree_creeper
tree_cricket
tree_martin
tree_sparrow
tree_swallow
tree_swift
treehopper
trichopteran
trichopteron
trichopterous_insect
trogon
tropic_bird
tropicbird
true_bug
true_flycatcher
true_sparrow
true_vampire_bat
true_warbler
trumpeter
trumpeter_swan
tsetse
tsetse_fly
tube-nosed_bat
tube-nosed_fruit_bat
tufted_puffin
tufted_titmouse
tumblebug
tumbler
tumbler_pigeon
tundra_swan
turaco
turacou
turakoo
turbo-propeller_plane
turbofan
turbojet
turboprop
turkey
turkey_buzzard
turkey_cock
turkey_vulture
turnstone
turtledove
tussah
tusseh
tusser
tussock_moth
tussore
tussur
twin-aisle_airplane
twin-prop
twin-propeller-plane
twinjet
twitterer
two-spotted_ladybug
two-winged_insects
tyrannid
tyrant_bird
tyrant_flycatcher
tzetze
tzetze_fly
umbrella_bird
underwing
upland_plover
upland_sandpiper
vampire_bat
varied_Lorikeet
vedalia
veery
velvet_ant
verdin
vermillion_flycatcher
vesper_sparrow
vespertilian_bat
vespertilionid
vespid
vespid_wasp
viceroy
vinegar_fly
vireo
vulture
wader
wading_bird
wagtail
walking_leaf
walking_stick
walkingstick
wall_creeper
wandering_albatross
warble_fly
warbler
wasp
water_beetle
water_bird
water_boatman
water_bug
water_hen
water_ouzel
water_scorpion
water_skater
water_strider
water_thrush
water_turkey
waterbird
waterfowl
wax_insect
wax_moth
waxwing
weaver
weaver_finch
weaverbird
web_spinner
webbing_clothes_moth
webbing_moth
webworm_moth
weevil
weka
western_big-eared_bat
western_kingbird
western_meadowlark
western_pipistrel
western_tanager
western_wood_pewee
wheatear
wheel_bug
whidah
whinchat
whippoorwill
whirligig_beetle
whisker_jack
whistler
whistling_swan
white-bellied_swallow
white-breasted_nuthatch
white-chinned_petrel
white-crowned_sparrow
white-faced_hornet
white-headed_stilt
white-rumped_shrike
white-tailed_kite
white-tailed_sea_eagle
white-throated_sparrow
white_admiral
white_ant
white_pelican
white_stork
whitefly
whitethroat
whole_snipe
whooper
whooper_swan
whooping_crane
whydah
wide-body
wide-body_aircraft
widebody_aircraft
widgeon
widow_bird
wigeon
wild_duck
willet
winter_wren
wood-creeper
wood_ant
wood_drake
wood_duck
wood_hen
wood_hoopoe
wood_ibis
wood_pewee
wood_pigeon
wood_stork
wood_swallow
wood_thrush
wood_warbler
wood_widgeon
woodcock
woodcock_snipe
woodcreeper
woodhewer
woodpecker
woolly_adelgid
woolly_alder_aphid
woolly_aphid
woolly_apple_aphid
woolly_plant_louse
worker
worker_bee
wren
wren-tit
wren_warbler
wryneck
yellow-bellied_sapsucker
yellow-breasted_bunting
yellow-breasted_chat
yellow-crowned_night_heron
yellow-fever_mosquito
yellow-shafted_flicker
yellow_bunting
yellow_hornet
yellow_jacket
yellow_warbler
yellowbird
yellowhammer
yellowlegs
yellowthroat
zebra_finch